{
  "manifest": {
    "publishingInformation": {
      "locales": {
        "en-US": {
          "summary": "Gives average and career stats on current NBA players",
          "examplePhrases": [
            "Alexa, ask Ball Stat, how many points does Seth Curry average?",
            "Alexa, ask Ball Stat, how many rebounds does Seth Curry average?",
            "Alexa, ask Ball Stat, how many assists does LeBron James have in his career?"
          ],
          "keywords": [
            "Basketball",
            "NBA",
            "Stats",
            "National",
            "Basketball",
            "Association"
          ],
          "name": "BALLSTAT",
          "description": "This skill allows Alexa to learn about the average and career stats of current NBA players.",
          "smallIconUri": "file://assets/images/en-US_smallIconUri.png",
          "largeIconUri": "file://assets/images/en-US_largeIconUri.png"
        }
      },
      "automaticDistribution": {
        "sourceLocaleForLanguages": [],
        "isActive": false
      },
      "isAvailableWorldwide": true,
      "testingInstructions": "Username: Zazeroc@gmail.com\nPassword: @Amazonbxwong4398\nhttps://www.nba.com/termsofuse",
      "category": "SPORTS_NEWS",
      "distributionMode": "PUBLIC",
      "distributionCountries": []
    },
    "apis": {
      "custom": {
        "endpoint": {
          "uri": "arn:aws:lambda:us-east-1:471248391085:function:de15f4d9-452f-40fe-9b23-cc4671801612:Release_0"
        },
        "interfaces": [],
        "regions": {
          "EU": {
            "endpoint": {
              "uri": "arn:aws:lambda:eu-west-1:471248391085:function:de15f4d9-452f-40fe-9b23-cc4671801612:Release_0"
            }
          },
          "NA": {
            "endpoint": {
              "uri": "arn:aws:lambda:us-east-1:471248391085:function:de15f4d9-452f-40fe-9b23-cc4671801612:Release_0"
            }
          },
          "FE": {
            "endpoint": {
              "uri": "arn:aws:lambda:us-west-2:471248391085:function:de15f4d9-452f-40fe-9b23-cc4671801612:Release_0"
            }
          }
        }
      }
    },
    "manifestVersion": "1.0",
    "privacyAndCompliance": {
      "allowsPurchases": false,
      "locales": {
        "en-US": {}
      },
      "containsAds": false,
      "isExportCompliant": true,
      "isChildDirected": false,
      "usesPersonalInfo": false
    }
  }
}